knocked back,magic damage,control immunity,the oriental fighters,immune to control effects,charge,cooldown,mobility,crit damage,cooldowns,cooldown reduction,magic defense,mark,skill damage,critical damage,magic lifesteal,crit rate,physical pen,slowed,energy cost,physical attack,basic attack,displacement,attack speed,burst,dash,heal,hybrid defense,untargetable,slow,slows,energy,magic power,blink,vision,physical damage skill,passive,magic basic attack,energy charging time,active,max mana,physical skill,reduce dmg,immobilized,aoe,invincible,revealing,debuff,stun,death immune,decimation,physical defense,immobilizing,debuffs,turrets,stunned,extra physical atk,pulls,summon,extra physical attack,suppression,leaps,cd,pulling,skill terms,movement speed,dodge,attack effect,true damage,controlled,critical chance,physical basic attack,crit chance,enhanced basic attack,regen effect,lost hp,healing effect,mana,rage,cc,slowing,control effects,morph,attack effects,knocking them back,physical atk,stunning,physical damage,buff,physical,magic damage skill,shield,knocking back,pull,teleport,jumps,speed up,exceptional status,remove cc,airborne,forsaken light,creeps,mana cost,spell vamp,creep,charges,immobilize,magic skill,damage reduction,knocking them airborne,critically strike,hybrid lifesteal,true damage skill,basic attacks,atk effect,knock back,max hp,use again,minions,conceal,damage,recharging time,dashes,teleports,lifesteal,hp,slow immunity,atk speed,Hero
,,,,,,1.0,,,,,,,,,,1.0,,,,,1.0,,1.0,,,,,,,,,,,,1.0,,,,,,,,,1.0,,,,,,,,1.0,1.0,,,,,,,,,,,1.0,1.0,,1.0,,,,1.0,,,,,,,,1.0,1.0,,,1.0,,,,1.0,1.0,,,,,,,,,1.0,1.0,,,,1.0,,,,1.0,,,,,,,,,,,,,1.0,,,,,,,,,Miya
1.0,,,,,,1.0,1.0,,,,,,,,,,,,,,,,,1.0,,1.0,,,1.0,,,,1.0,,1.0,,,,,,,,,1.0,,,,,,,,,,,,,,,,,,,,1.0,1.0,,,1.0,,,,,,,1.0,,,,,,,,,,,,1.0,1.0,,,,,,,,,,,,,,,,,,,,,,1.0,,1.0,,,,1.0,,,,,,,,,,,,Balmond
,,,,,1.0,1.0,1.0,,,,,,,,,,,,,,1.0,,,1.0,,,,,,1.0,,,1.0,,1.0,,,,,,1.0,,,1.0,,,1.0,,,,1.0,,,,,,,,,,,,,1.0,,,,,,,1.0,,,,,,,,1.0,,,,,,,,1.0,1.0,,,,,,,,,,,1.0,,,1.0,,,,,,,,,,,,,,,,,,,,1.0,,,,,,Saber
,1.0,,,,,1.0,1.0,,,,,,,,,,,1.0,,,,,,,,1.0,,,,,,,1.0,,,,,,,1.0,,,,1.0,,,,,,,,,,,,,,,,,,,,1.0,1.0,,,,,,,,,,,1.0,1.0,,1.0,,,,,,,,,1.0,,1.0,,,,,,,,,,,,1.0,,1.0,,1.0,,,,,,,,,,1.0,,,,,,,1.0,,1.0,,,Alice
,1.0,,,,,1.0,,,,,1.0,,,,,,,,,,,,,1.0,,,,1.0,1.0,,,,,,,,,,,,,,,1.0,1.0,,1.0,,1.0,,,,1.0,,1.0,,,,,,,,,1.0,1.0,,,,,,,,,,,,,,1.0,1.0,,,,,,,,,,1.0,,,,,,,,,,,,1.0,,,,,,,,,,,,,,1.0,,,,,,,,,,,,Nana
,,,,,1.0,1.0,1.0,,,,,,,,,,,,,,1.0,1.0,,,,,,,1.0,,,,,,1.0,,1.0,,,,1.0,,,1.0,,,,1.0,,,,,,,,,,,,1.0,,,1.0,1.0,1.0,,,,,,1.0,,,,,,,,1.0,1.0,1.0,,,,,1.0,1.0,1.0,,,,,1.0,,,,,,,,,1.0,,,1.0,,,,1.0,,,,,,,,,,,,,,,,,,,Tigreal
,,,,,,1.0,1.0,,,,1.0,,,,,,,,,,,,,1.0,1.0,,1.0,,,,,,1.0,,1.0,,,,,,,,,1.0,,,,,,,1.0,,,,,,,,,,,,,1.0,1.0,,,,,,1.0,,,,,,,,,1.0,,,,,,,1.0,1.0,,,,,,,,,,,,,,,,,,,,,,,1.0,,,,,,1.0,,,,,,,,,,,Alucard
,1.0,,,,,1.0,1.0,,1.0,,,,,,,,,,,,,,,1.0,,,,,,1.0,,,1.0,,,,1.0,,,,,,,1.0,,,,,,,,,,,,,,,,,,,,1.0,1.0,1.0,,1.0,,,,,,,1.0,,,,,,,,,,,,,1.0,,1.0,,,,,,1.0,,,,,,1.0,,,,,,,,,,1.0,,,,,,,,,,1.0,,,,,,Karina
,,,,,,1.0,1.0,,,,,,,,,,,,,,,1.0,,,,,,,,,,,1.0,,1.0,,,,,,,,,1.0,,,,,,,,,1.0,,,,,,,,,,,1.0,1.0,,,,,,,,,,,,,,1.0,1.0,,1.0,,1.0,,,1.0,1.0,,,1.0,,,,,,1.0,,,,1.0,1.0,,,1.0,,,,,,,,1.0,,,1.0,,,,,,,,,,1.0,,Akai
,,,,,,1.0,,,,,,,,,,,,,,,,1.0,,1.0,,,,,1.0,,,,,,1.0,,,,,,,,,,,,,,,,,,,,,,,,,,,,,1.0,1.0,,,,,,,,,,,,,,1.0,1.0,,,,,,,1.0,1.0,,,,,,,,,,,,,,1.0,,,,,,,,,,,,,,1.0,,,,1.0,,,,,,,,Franco
,1.0,,,,,1.0,,,,,,,,,,,,1.0,,1.0,,,,1.0,,1.0,,,,,,1.0,,,1.0,,,,,,,,,1.0,,,,,,,,,,1.0,,,,,,,,,,1.0,1.0,,,,,,1.0,,,,1.0,1.0,,,1.0,1.0,,,,,,,1.0,,,1.0,,,,,,,,,1.0,,,1.0,,,,,,,,,,,,,,1.0,,,,1.0,,,,,,,,Bane
,,,,,,1.0,1.0,,,,,,,,,1.0,,,,1.0,1.0,1.0,,1.0,,,,,1.0,,,,1.0,,1.0,,,,,,,,,,,,,1.0,,,1.0,,,,,,,,,,,,,1.0,1.0,,,,,,1.0,,,,,,,,1.0,1.0,,,,1.0,,1.0,1.0,1.0,,,,,,,,,,,,,,1.0,,,,,,,,,,,,,,,,,,1.0,,,,,,,,Bruno
,,,,,,1.0,1.0,,,,,,,,,,,,,,1.0,,,1.0,,,,,1.0,,,,1.0,,1.0,,,1.0,,,,,,1.0,,,,,,,,1.0,,,,,,,,,,,,1.0,1.0,,1.0,,,,1.0,,,,,,,,1.0,1.0,,,,,,,1.0,,,,,,,,,,,,,,,1.0,,,,1.0,,,,1.0,,,,,,,,,,,1.0,,,,,,,Clint
,1.0,,,,,1.0,,,,,,,,,,,,,,,,,,1.0,,1.0,,,1.0,,,1.0,,,,,,,,,,,,1.0,,1.0,,1.0,,,,,,,,,,,,,,,,1.0,1.0,,,1.0,,,,,,,,1.0,,,1.0,1.0,,,,,,1.0,,,,1.0,,,,,,1.0,,,,,,1.0,,,,,,,,,,1.0,,,,1.0,,,,,,,,,1.0,1.0,,Rafaela
,1.0,,,,,1.0,,,,,,,,,,,,,,,,,,1.0,,,,,,,,,,,,,,,,,,,,1.0,,,,1.0,,,,,,,,,,,,,,,,1.0,,,,,,,,,,,,,,,1.0,,,,,,,1.0,,1.0,,1.0,,,,,,,,,,,,1.0,,,,,,,,,,,,,,,,,,1.0,,,,,,,,Eudora
,,,1.0,,,1.0,1.0,,,,,,,,,,,,,,1.0,,1.0,,,1.0,,,1.0,,,,1.0,,1.0,,,,,,,,,,,,1.0,,,,1.0,,,,,,,,,,,,,1.0,1.0,,,,,,1.0,,,,,,,,1.0,,,,,,,,1.0,1.0,,,,,,,,1.0,1.0,,1.0,,,1.0,,,,,,,,,,,1.0,,,,,,,1.0,,,,,1.0,1.0,,Zilong
,,,,,1.0,1.0,1.0,,,,,,,,,,,,1.0,,,,,1.0,,,,,,,1.0,,1.0,,1.0,,,,,,,,,1.0,,,,,,,,,,,,,,,,,1.0,,,1.0,,,,,,,,,,,,,,,,,,,,,,,1.0,1.0,,,,,,,,,,,,,,,,1.0,,,,,,,,,,,,,,,,,,,,,,,,Fanny
,,,,,,1.0,,1.0,,,,,,,,,,,,,,,,1.0,,,,,1.0,,,,,,1.0,1.0,,,,,,,,1.0,,,,,,,,,,,,,,,,,,,,1.0,1.0,,,,,,1.0,,,,,,,,,,,,,,,,1.0,1.0,,,,,,,,,,,,,,1.0,,,,,,,,1.0,,,,,,,,,,,,,,,,,,Layla
,,,,,,1.0,,,,,1.0,,,,,,,,,,1.0,,,,,1.0,1.0,,1.0,,,,1.0,,1.0,,,,,,,,,,,,,,,,1.0,,,,,,,,,,,,,1.0,1.0,,,1.0,,,,,,,1.0,1.0,,,1.0,,1.0,,,,,,1.0,1.0,,,,,,,,,,,1.0,,,,,,,,,,,,,1.0,,,,1.0,,,,,,,,,1.0,,,Minotaur
,,,,,,1.0,1.0,,,,,,,,,,,,,,1.0,,,,1.0,,,,,,,,1.0,,1.0,,,,,,,,,1.0,,,,1.0,,,,,,,,,,,,,,,,1.0,1.0,,,,,,,,,,,,,,1.0,1.0,,,,,,1.0,1.0,,,,1.0,,,,,,,,,,,1.0,,,,,,,,,,,1.0,,,,,1.0,,1.0,,1.0,,,,,,Lolita
,,,,,,1.0,1.0,,,,,,,,,,,,1.0,,,,,1.0,,,,,,,1.0,,1.0,,1.0,,,,,,,,,,,,,,,,,,,,,,,1.0,1.0,,,,,1.0,1.0,,,,,,,,,,,,,,,1.0,,,,,,,1.0,1.0,,,,,,,,,,,,,,,1.0,,,,,,,,,,,,,,,,,1.0,,1.0,1.0,,,,,Hayabusa
,,,,,,1.0,1.0,,,,,,,,,,,,,1.0,,1.0,1.0,1.0,,,,,,,,,1.0,,,,,,,,,,,,,,,,,,,,,,,,,,,,1.0,,1.0,1.0,1.0,,,,,,1.0,,,,,,,,,1.0,,1.0,,,,,1.0,,,,1.0,,,,,,,,1.0,,,,,,,,,,,,,,1.0,,,,,,,,,,,,,,,Freya
,1.0,,,,,1.0,,,,,,,,,,,,,,,,,,1.0,,,,,1.0,,,,,,,,,,,,,,,1.0,,,,1.0,,,,,,,,,,,,,,,,1.0,,,,1.0,,,,,,,,,,,1.0,,,,,,,1.0,,1.0,,1.0,,,,,,,,,,,,1.0,,,,,,,,,,1.0,1.0,,,,,,,,,,,,,,,Gord
,,,,,,1.0,1.0,1.0,,,,,,,,1.0,,,,,,,,,,,,,1.0,,,,1.0,,1.0,1.0,,,1.0,,,,,1.0,,,,,,,,,,,,,,,,,,,,1.0,1.0,1.0,,,,,1.0,1.0,,,,,,,,1.0,,,,,,,1.0,1.0,,,,,,1.0,,,,,,,1.0,1.0,,,,,,,,,,,,,,,,,1.0,,1.0,1.0,,,,,,Natalia
,1.0,,,,,1.0,1.0,,,,,,,,,,,,,,,,,1.0,,,,,1.0,,,,,,,,,,,,,,,,,,,,,,,,,,,,,,,,,,,,,,,,,,,,,,,,,,1.0,1.0,1.0,,,1.0,,1.0,,,,,1.0,,,,,,,1.0,,,,1.0,,,,,,,,,,,,,,,,,,1.0,,,1.0,,,,,Kagura
,,1.0,,,,1.0,1.0,,,,,,,,,,1.0,,,,1.0,,,1.0,,,,,,,,,1.0,,,,,,,,1.0,,,1.0,,,,,,,,,,,,,,,,,,1.0,,1.0,1.0,,,,,,1.0,,,,,,,,1.0,,,,,1.0,,,1.0,1.0,,,1.0,,,,1.0,,,,1.0,,,,,,,,,,,,,,,,,,,,,,,1.0,,,,,,Chou
,,,,,,1.0,1.0,,,,,,,,,,,,,1.0,,,,,,1.0,,,,,,,,,,,,,,,,,,1.0,,,1.0,,,,1.0,,,,,,,1.0,,,,1.0,,1.0,,,,,,,,,,,,,,,,,,,1.0,,,,1.0,,,,,,,,,,,,,,1.0,1.0,,,,,,,,,,,,,,,,,,,,,,,,,,Sun
,,,,,,1.0,1.0,,,,,,,,,,,,,,,,,,,1.0,,,1.0,,,,1.0,,1.0,,,,,,,,,1.0,,,,1.0,,,,,,,,,,,,,,,,1.0,1.0,,,1.0,,,,,,,,,,,1.0,1.0,,,,,,1.0,1.0,,,,,,,,,,,,1.0,,,1.0,,,,,,,,,,1.0,,,,,,,,1.0,,,,,1.0,,,Alpha
,,,,,,1.0,,,,,1.0,,,,,,,,,,,1.0,,,1.0,,,,1.0,,,,1.0,,1.0,,,,,,,,,1.0,,,,1.0,,,,,,,,,,,,,,,1.0,1.0,1.0,,,,,,,,,,,,,,1.0,1.0,,,,,,1.0,1.0,1.0,1.0,,,,,,,,,,,,,1.0,1.0,,,,,,,,,,1.0,,,,,,,,,,,1.0,,,,Ruby
,,,,,,1.0,1.0,1.0,,,,,,,,,,,,,1.0,,,,,,,,,,,,1.0,,,,,,,,1.0,,,1.0,,,,,,,,,,,1.0,,,,,,,,,1.0,1.0,,,,,,1.0,,,,,,,,,,,,,,,,1.0,,,,,,,,,,,,,,,1.0,,,,,,,,,,,,1.0,,,,,,,,,,,,,,Yi Sun-shin
,,,,,,1.0,1.0,,1.0,,,,,,,,,1.0,,1.0,1.0,1.0,1.0,,,,,,1.0,,,,1.0,,1.0,,,,,,,,,,,,,1.0,,,,,,,1.0,,,,,,,,,1.0,,,,,,,1.0,,,,,,,,1.0,,,,,1.0,,,1.0,1.0,,,,,,1.0,,,,,,,,1.0,,,,,,,,,,,1.0,,,,,,,1.0,,,,,,,,Moskov
,1.0,,,,1.0,1.0,,,,,,,,,,,,,,,,,,,,,,,1.0,1.0,,,,,,,,,,,,,,1.0,,,,1.0,,,1.0,,,,1.0,,,,,,,,,1.0,,,,,,,,,,,,,,,1.0,1.0,,1.0,,,,1.0,,,,1.0,1.0,,,,,1.0,,,,,,,,,,,,,,,,,,,,,,,,,,,,,1.0,,,Johnson
,1.0,,,,,1.0,,,,,,,,,,,,,,,,,,,,,,,,,,,,,,,,,,,,,1.0,1.0,,,,,,,,1.0,,,,,,,,,,,,1.0,1.0,,,,,,,,,,,,,,,,,,,,,,,1.0,,,,,,,,,,,,,,1.0,,,,,1.0,,,,,,,,,,,,,,,,,,,,,Cyclops
,1.0,,,,,1.0,,,,,,,,,,,,1.0,,,1.0,,,,,1.0,1.0,,1.0,,,,,,,,1.0,,,,,,,1.0,,,,,,,,,,,,,,,,,,,,1.0,1.0,,,,,,,,,1.0,,1.0,,,,1.0,,,,,,,,1.0,,1.0,,,,,,,,,,,,1.0,,,,,,,,,,,,,,,,,,,,,,,1.0,,,Estes
,,,,,,,,,,,,,,,,,,,,,,,,,,,,,,,,,,,,,,,,,,,,,,,,,,,,,,,,,,,,,,,,,,,,,,,,,,,,,,,,,,,,,,,,,,,,,,,,,,,,,,,,,,,,,,,,,,,,,,,,,,,,,,,,Hilda
,1.0,,,,,1.0,,,,,,,,,,,,1.0,,,,,,,,,,,1.0,1.0,,,,,,,,,,,,,,1.0,,,,,,,,,,,,,,,,,,,,1.0,1.0,,,,,,,,,,,,,,,1.0,,,,,,,,1.0,,,,,,,,,,,,,,1.0,,,,,1.0,,,,,,,,,,,,,1.0,,,,,,,,Aurora
,,1.0,,,,1.0,1.0,,,,1.0,,,,,,,,,,1.0,,,1.0,,,,,1.0,,,,1.0,,,,,,,,1.0,1.0,,1.0,,,,,,,,,,,1.0,,,,,,,,,1.0,1.0,,,,,,,,,,,,,,1.0,1.0,,1.0,,,,,1.0,1.0,1.0,,1.0,,,,,,,,,,,,,,,,,1.0,,,,,,,,,,,,1.0,,,,,,,,Lapu-Lapu
,1.0,,,,,1.0,,,,,,,,,,,,,,,,,,,,,,,,,,,,,,,,,,,,,,1.0,,,,,,,,,,,,,,1.0,,,,,,,,,,,,,,,,,,,,,1.0,,,,,,,,,,,,,,,,,,,,,,,1.0,,,,,,,,,,,,,,,,,,1.0,,,,,,,,Vexana
,,,,,,1.0,1.0,,,,1.0,,,,,,,,,,,,1.0,1.0,,,,1.0,,1.0,,,1.0,1.0,1.0,,,,,,1.0,,,,,,1.0,,,,1.0,,,,,,,,,,,,,1.0,1.0,,,,,,,,,,1.0,,,,,1.0,,1.0,,,,,1.0,1.0,1.0,,1.0,,,,,1.0,,,,,1.0,1.0,,,,,,,,,,,,,,,,,,1.0,,,,,1.0,,,Roger
,,,,,,1.0,1.0,,,,,,,,,,,,,,,,,1.0,,,,,,,,,1.0,,,,,,,,1.0,,,,,,,,,,,,,,,,,,,,,,,1.0,1.0,,1.0,1.0,,,1.0,,,,,,,,,,,,,,,,1.0,1.0,,,,,,,,,,,,,,1.0,,,,,,,,,,,,,,1.0,,,,1.0,,,,,,,,Karrie
,1.0,,,,,1.0,1.0,,,,,,,,,,,1.0,,,1.0,,,,,1.0,,,1.0,,,1.0,,,,,,,,,,,,1.0,,,,,,,1.0,,,,,,,,,,,,,1.0,1.0,,,,,,,,,,1.0,1.0,,1.0,1.0,,,,,,,,,1.0,,1.0,,,,,1.0,,,,1.0,,,,,,,,,,,,,,,,,1.0,,,,,,,,,,,,Gatotkaca
,1.0,,,,,1.0,1.0,,,,,,,,,,,,,,1.0,,,1.0,,,,,1.0,,,,1.0,,,,1.0,,,,,,,1.0,,,1.0,,,,,,,,,,,,,,,,,1.0,1.0,,,,,,,,,,,,,,,,,,,,,,,1.0,,1.0,,,,,,1.0,,,,,,1.0,,,,,,,,,,,,,,,,,,,,,,,,,1.0,Harley
,,,,,,1.0,1.0,,,,,,,,,,,,1.0,,1.0,,,,,,,,1.0,,,,,,1.0,,,,,,,,,1.0,,,1.0,,,,1.0,,,,,,,,,,,,,1.0,1.0,,1.0,,,,1.0,,,,,,,,,1.0,,,1.0,,,,1.0,1.0,,,,,,,,,,,,,,,,,,,,,,,,,1.0,,,,,,,,,,,,,,,Irithel
,,1.0,,,1.0,1.0,1.0,,,,1.0,,,,,,,,,,,,,,,,,,1.0,,,,,,,,,,,,1.0,,,1.0,,,,,,,1.0,,,,,,,,,,,1.0,,1.0,1.0,,,,,,,,,,,,,,1.0,,,,,,,,1.0,1.0,,,,,,,,,,,1.0,,,1.0,,,,,,,,,,,,,,,,,,,,,,,,,,Grock
,,,,,,1.0,1.0,,,,,,,,,,,,,,,,,,,,,,,,,,1.0,,,,,,,,1.0,,,1.0,,,1.0,,1.0,,1.0,,1.0,1.0,1.0,,,,,1.0,,,1.0,1.0,1.0,,,,,,1.0,,,,,,,,,1.0,,,,,,1.0,1.0,1.0,,,,,,,,,,,,,,,,,,,,,,,,,,,,,,1.0,,1.0,,,,,1.0,,,Argus
,1.0,,,,,1.0,1.0,,,,,,,,,,,,,,1.0,,,1.0,,,,,1.0,1.0,,,,,,,1.0,,,,,,,1.0,,,,,,,,1.0,,,,,,,,,,,,1.0,1.0,,,,,,,,,,,,,,1.0,1.0,,,,,,,,1.0,,,1.0,,,,,,,,,,,1.0,,,,,1.0,,,,,,,,,,,,,1.0,,,,,,,,Odette
,,,,,,1.0,1.0,,,,,,,,,,,1.0,,,,,,1.0,,,,1.0,1.0,,,,1.0,,,,,,,,1.0,,,1.0,1.0,,,,,,,,,,,,,,1.0,,,1.0,,1.0,,,,,,,,,,,,,,,,,,,,,,,1.0,1.0,,,,,,,,,,,,,,1.0,1.0,,,,,,,,,,,,,,,,,,,,,,,,,Lancelot
,1.0,1.0,,,,1.0,,,,,,,,,,,,,,,,,,,,,,1.0,1.0,1.0,,,,,,,,,,,,,,1.0,1.0,,,,,,,,,,,,1.0,,,,,,,1.0,1.0,,,,,,,,,,,,,,1.0,1.0,,,,,,,,1.0,,1.0,1.0,,,,,1.0,,,,,,1.0,,,,,1.0,,,,,,,,,,,,,1.0,,,,,,,,Diggie
,1.0,,,,,1.0,,,,,,,1.0,,,,,1.0,,,1.0,,1.0,,,1.0,,,,,,,,,,,,,,1.0,,,,1.0,,,,1.0,,,,,,,,,,,,,,,,1.0,1.0,,,,,,,,,,,,,,1.0,1.0,,,,,,,,1.0,,1.0,,,,,,1.0,,,,,,1.0,,,,,,,,,,,,,,1.0,1.0,,,1.0,,,,,,1.0,,Hylos
,1.0,,,,,1.0,,,,,,,,,,,,,,,,,,,,,,,1.0,,,1.0,,,,,,,,,,,,1.0,,,,1.0,,1.0,,,,,1.0,,,1.0,,,,,,1.0,1.0,,,,,,,,,,,,,,1.0,1.0,,1.0,,,,,,1.0,,1.0,,,,,,,,,,,,1.0,,,,,1.0,,,1.0,,,,,,,1.0,,,1.0,,,,,,,,Zhask
,,,,,,1.0,1.0,,,,,,,,,,,,,,1.0,,1.0,1.0,,,,,1.0,,,,1.0,,1.0,,,,,,,,,,,,1.0,,,,,,,,,,,,1.0,,,,,1.0,1.0,,,,,,,,,,,,,,1.0,1.0,,,,,,,1.0,1.0,,,,,,,,,,,,,1.0,1.0,,,,,,,,1.0,,,,,,,,1.0,,,,,,,,,,Helcurt
,,,,,,,,,,,,,,,,,,,,,,,,,,,,,,,,,,,,,,,,,,,,,,,,,,,,,,,,,,,,,,,,,,,,,,,,,,,,,,,,,,,,,,,,,,,,,,,,,,,,,,,,,,,,,,,,,,,,,,,,,,,,,,,,Pharsa
1.0,,,,,,1.0,1.0,,,,,,,1.0,,1.0,1.0,,1.0,1.0,1.0,,,1.0,,,,,,,1.0,,1.0,1.0,,,,,,,1.0,,,,,,,,,,,,,,,1.0,,,,,,,,1.0,1.0,,,1.0,,1.0,1.0,1.0,,,1.0,,,,1.0,,,,,1.0,1.0,,1.0,1.0,,,,,,,,,,,,,,,,,,,,,,,,,,,,,,,1.0,,,,,,1.0,,,Lesley
1.0,,,,1.0,,1.0,1.0,,,,,,,,,,,,,,,1.0,,1.0,,,,,,,,,1.0,,1.0,,,,,,,,,,,,,1.0,,,,,,,,,,,,,,,,1.0,1.0,,,,,,1.0,,,,,,,,1.0,,,,,,,1.0,1.0,1.0,,,1.0,,,,,,,,,,,1.0,,,1.0,,,,,,,,,,,,,,,,,,,,,,,Jawhead
,1.0,,,,,1.0,,,,1.0,,,,,,,,,,,,,,,,1.0,,,1.0,1.0,,,,,,,,,,,,,1.0,1.0,,1.0,,,,,,,,,,,,,,,,,,1.0,1.0,,,,,,,,,,,1.0,1.0,,1.0,1.0,,,,,,,,,,1.0,1.0,,,,,1.0,,,,,,1.0,,,,1.0,,,,,,,,,,,,,,,1.0,,,,1.0,,,Angela
,1.0,,,,,1.0,1.0,,,,,,,,,,,,,,1.0,,,,,1.0,,,1.0,,,,1.0,,,,1.0,,,,,,,1.0,,,,,,,,,,,,,,,,,,,,1.0,1.0,,,,,,,,,1.0,1.0,,,,,1.0,,,,,,,,1.0,,,,,,,,,,,,,,1.0,,,,,1.0,,,,,,,,,,1.0,,,1.0,,1.0,,,1.0,,,Gusion
1.0,1.0,,,,,1.0,,,,,,,,,,,,,,,,,,,,,,,1.0,,,,,,,,,1.0,,,,,,1.0,,,,1.0,,,,,,,,,,,,,,,,1.0,1.0,,,,,,,,,,,,,,1.0,,,,,,,,,1.0,,,,,,,,,,1.0,,,,1.0,,,,,1.0,,,,,,,,,1.0,,,,1.0,,,,,,,,Valir
,,1.0,,,,1.0,1.0,,,,,,,,,,,,,,,,1.0,1.0,,,,,,,,,1.0,,1.0,,,,,,,,,1.0,,,,,,1.0,,,,,,,,,1.0,,1.0,,,1.0,1.0,,,,,,,,,,,,,,1.0,1.0,,,,,,,1.0,1.0,,,,,,,,,,,,,,,,,,,,1.0,1.0,,,,,,,,,,,,,,,,,,,Martis
,1.0,,,,,1.0,1.0,,,,,,,,,,,,,,,,,,,1.0,,,1.0,,,,,,,,,,,,,,,1.0,,,,,,,,,,,,,,,,,,,,1.0,1.0,,,,,,,,,,,1.0,,,,,,,,,,,,1.0,,,1.0,,,,,1.0,,,,,,1.0,,,,,1.0,,,,,,,,,,,,,,,,,,,1.0,,Uranus
,,1.0,,,,1.0,,,,,,,,,,,,,,,,,1.0,,,,,,,,,,,,1.0,,,,,,,,,1.0,,,,,,,,1.0,,,,,,,,,,,,1.0,1.0,,,,,,,,,,,,,,1.0,,1.0,,1.0,,,,1.0,1.0,,,1.0,,,,,,,,,,,1.0,,,,1.0,,,,,,,1.0,,,,,,,,,,,,1.0,,,Hanabi
,1.0,,,,,1.0,,,,,,,1.0,,,,,,,,,,,1.0,,,,,1.0,1.0,,,,,,,1.0,,,,,,,1.0,,,1.0,,,,,,,,,,,,,,,,,1.0,1.0,,,,,,,,1.0,,,,,,,,,,,,,,,1.0,,,1.0,,,,,,,,,,,1.0,,,,,1.0,,,,,,,,,,,,,,,,,,,,,Chang'e
,1.0,,,,,1.0,1.0,,,,1.0,,,,,,,,,,1.0,,,,,,,,1.0,1.0,,,1.0,,,,1.0,,,,,,,1.0,,,,,,,,,,,,,,,,,,1.0,,1.0,1.0,,,,,,,,,,,,,,,,,,,,,,,1.0,,,,,,,,,,,,,1.0,1.0,,,,,1.0,,,,,,,,,1.0,,1.0,,1.0,,,,,1.0,,,Kaja
,1.0,,,,,1.0,1.0,,,,,,,,,,,,,,1.0,,,1.0,,,,,1.0,,,,1.0,,,,1.0,,,,,,,,,,,,,,,,,,1.0,,,1.0,,,,1.0,,1.0,1.0,,,,,,,,,,,,,,1.0,,,1.0,,,,1.0,,1.0,,,1.0,,,,,1.0,,,,,,1.0,,,1.0,,1.0,,,,,,,,,,,,,,,,,,,,,Selena
,,,,,,1.0,1.0,,,,,,,,,,,,,,1.0,1.0,,,1.0,,,,,,,,1.0,1.0,1.0,,,,,,,,,,,,,1.0,,,,,,,,,,,,,,,,1.0,1.0,1.0,,,,,1.0,,,,,,,,1.0,,,,,,,,1.0,1.0,,,1.0,,,,,,,,,,1.0,1.0,,,,,,1.0,,,,,,,1.0,1.0,,1.0,,1.0,,,,,,,,Aldous
,,,,,,1.0,1.0,,,,,,,,,,,,,,1.0,,1.0,1.0,,,,,,,,,1.0,,,,,,,,1.0,,,1.0,,,,,,,,,,,,,,1.0,,,,,,1.0,1.0,,,,,,1.0,,,,,,,,,,,,,,,,1.0,1.0,,,1.0,,,,,,,,,,,1.0,,,,,,,,,,,,1.0,,,,,,,,,,,,,1.0,Claude
,1.0,,,,,1.0,,,,,,,,,,,,,,,,,,1.0,,,,,,,,,,,,,,,,,,,,1.0,,,,,,,,,,,,,,,,,,,,1.0,1.0,,,,,,,,,,,,,,1.0,,,,,,,,,1.0,,,,,,,,1.0,,,,,,1.0,,,,,1.0,,,,,,,,,,,,,,,,,,,,,Vale
,,,,,,1.0,1.0,1.0,,,1.0,,,,,,,,,1.0,1.0,1.0,,,,,,,1.0,,,,1.0,,1.0,,,,,,,,,1.0,,,,,,,,,,,,,,1.0,,,,,,1.0,1.0,,,,,,,1.0,,,,,,,1.0,1.0,,1.0,,,,,1.0,1.0,1.0,,1.0,,,,,,,,,,,,,,1.0,,,,,1.0,,,,,,1.0,,,,,,,,,,,,Leomord
,1.0,,,,,1.0,,,,1.0,1.0,,,,,,,,,,,,,,,1.0,,1.0,1.0,,,,1.0,,,,,,,,,,,1.0,1.0,,,,,,,,,,,,,,,,,,,1.0,1.0,,,,,,,,,1.0,,,,,,1.0,,,,,,,,1.0,1.0,,,,,,,,,,,,,1.0,,,,,1.0,,,,,,,,,1.0,,,,1.0,,,,,1.0,,,Lunox
,,,,,,1.0,1.0,,,,1.0,,,,,,,,,,,,1.0,,,,,,,,,,,,1.0,,,,,,,,,,,,,,,,,,,,,,,,,,,,,1.0,1.0,,1.0,1.0,,,1.0,,,,,,,,,1.0,,1.0,1.0,,,1.0,1.0,1.0,1.0,,,,,,,,,,1.0,,,,,,,,,,,,,1.0,1.0,,,1.0,,,,1.0,,,,,,,,Hanzo
,1.0,,,,,1.0,,,,,,,,,,,,,,,1.0,,,,,1.0,,,,,,,,,,,1.0,,,,,,,1.0,,,,,,,,,,,,,,,,,,,,1.0,1.0,,,,,,,,,1.0,1.0,,,,1.0,,,,,,,,,1.0,,,,,,,,1.0,,,,,,1.0,,,,,1.0,,,,,,,,,1.0,,,,,,,,,,,,Belerick
,1.0,,,,,1.0,1.0,,,,,,,,1.0,,,1.0,1.0,,,,1.0,1.0,,,,,,,1.0,,1.0,,,,,,,,,,,1.0,,,,,,,,,,,,,,,,,,,,1.0,1.0,,,,,,,,,,,,,,,,,,,,,,,1.0,,,,,,,,,,,,,,,1.0,,,,1.0,,,1.0,,,,,,,,,,,,,,,,,1.0,Kimmy
,,,,,,1.0,1.0,,,,,,,,,,,,,,1.0,,,,,,,,1.0,1.0,,,,,,,,,,,1.0,,,1.0,,,1.0,,,,,,,,,,,,,,,1.0,,1.0,1.0,,,1.0,,,1.0,,,1.0,,,,,,1.0,,,,,,,1.0,1.0,,,,,,,,,,,,,,,,,,,,,,,,,1.0,,,1.0,,,,,,,,,,,1.0,Thamuz
,1.0,,,,,1.0,1.0,,,,,,,,,,,,,,1.0,,,,,,,,1.0,1.0,,,,,,,1.0,,,,,,,1.0,,,,,,,,,,,,,,,,,,,,1.0,,,,,,,,,,,,,,,,,,,,,,,,1.0,,1.0,1.0,,,,,,,,,,,1.0,1.0,,,,,,,,1.0,,,,,,,,,,,,,1.0,,,,Harith
,,,,,,1.0,,,,,,,,,,,,1.0,,,,,,,,,,,,,,,,,1.0,,,,,,,1.0,,,,,,1.0,,,,,,,1.0,,1.0,1.0,1.0,,,,,1.0,1.0,,,,,,,,,,,,,,1.0,1.0,,,,,,1.0,1.0,1.0,,,,,,,,,,,,,,1.0,,,1.0,,,,,,,,,,,,,,,1.0,,,,,1.0,,,Minsitthar
,,,,,,,,,,,,,,,,,,,,,,,,,,,,,,,,,,,,,,,,,,,,,,,,,,,,,,,,,,,,,,,,,,,,,,,,,,,,,,,,,,,,,,,,,,,,,,,,,,,,,,,,,,,,,,,,,,,,,,,,,,,,,,,,Kadita
,1.0,,,,,1.0,,,,,1.0,,,,,,,,,,,,,1.0,,,,,,,,1.0,,,,,,,,,,,,1.0,,,,,1.0,,,,,,,,1.0,,,,,,,1.0,1.0,,,,,,,,,1.0,,,,,1.0,,,,,,,,,1.0,1.0,,,,,,,,,,,,,1.0,,,,,1.0,,,,,,,,,,,,,,,,,,1.0,,,Faramis
,,1.0,,,,1.0,1.0,,,,,,,,,,,,,,,1.0,,1.0,,,,,1.0,,,,,,1.0,,,,,,,,,1.0,,,,1.0,,,,,,,,,,,,,,,,1.0,,,1.0,,,,1.0,,,,,,,,1.0,,1.0,,,1.0,,,1.0,,,,1.0,,,,,,,,,,,,,,,,,,,,,,1.0,,1.0,,,,,1.0,,1.0,,,,,,Badang
,,,,,,,,,,,,,,,,,,,,,,,,,,,,,,,,,,,,,,,,,,,,,,,,,,,,,,,,,,,,,,,,,,,,,,,,,,,,,,,,,,,,,,,,,,,,,,,,,,,,,,,,,,,,,,,,,,,,,,,,,,,,,,,,Khufra
,,,,,,1.0,1.0,,,,,,,1.0,,1.0,,,,,1.0,,1.0,1.0,,,,,1.0,,,,1.0,,,,,,,,1.0,,,,,,,,,,,,,,,,,,,,,1.0,,1.0,,,,,,,1.0,,,,,,,,,1.0,,,,,,,1.0,1.0,,,,,,,,,,,,,,,,,,,,,,,,,1.0,,,,,,,1.0,,,,,,,,Granger
,1.0,1.0,,,,1.0,1.0,,,,,,,,,,,,,,,,,1.0,,,,,,,,,1.0,,,,1.0,,,,,,,,,,,,,,,,,,,,,,,,,1.0,,1.0,1.0,,,,,,,,,1.0,,,,,1.0,1.0,,,,,,,,1.0,,,,,,,,,,,1.0,,,,,,,,1.0,,,,,,1.0,,,,,,,1.0,,,,,1.0,,,Guinevere
,1.0,,,,,1.0,1.0,,,,,,,,,,,,,,,,,1.0,,,,,,,,,,,1.0,,1.0,,,,,,,1.0,,,,,,,,1.0,,,,,,,,,,,,1.0,1.0,,,,,,1.0,,,,,,,,,,,,,,,,1.0,1.0,,1.0,1.0,,,,,,,,,,,1.0,,,,1.0,,,,,,,,,,1.0,,,,,,,,,,,,Esmeralda
,,,,,,1.0,,,,,,,,,,,,1.0,,1.0,,,1.0,1.0,,,,,1.0,,,,,,,,,,,,1.0,,,1.0,,,,,,,,,,,,1.0,,,,,,,,1.0,1.0,,,,,,,,,,1.0,,,,1.0,1.0,,,,,,,1.0,1.0,,,,,1.0,,1.0,1.0,,,,,,1.0,,,,,,1.0,,,,,,,,,,,,,,,,,,,,Terizla
,,,,,,1.0,1.0,,,,,,,,,,,,1.0,,,1.0,,1.0,1.0,,,,1.0,,1.0,,1.0,,1.0,,,,,,1.0,,,1.0,,,,,,,,,1.0,,,,,,,,,,1.0,1.0,,,,1.0,,,,,,,,,,,1.0,1.0,,,,,,,1.0,1.0,,,,,,,,,,,,,,,,,1.0,,,,,,,,,,,1.0,,1.0,,,,,,,,,,X.Borg
,,,1.0,,,1.0,1.0,1.0,,,,,,1.0,,1.0,,1.0,1.0,,1.0,,,1.0,,,,1.0,,,,,,,,,,,,,,,,,1.0,,,,,,,,,,,,,,,,,,,1.0,1.0,,,,1.0,1.0,1.0,1.0,,,,,,,1.0,1.0,,,,,,,1.0,1.0,,,,,,,,,,,1.0,,,,,,,,,,,,,,,1.0,,,,,,1.0,,,,,1.0,,,Ling
,,,,,,1.0,1.0,,,,,,,,,,,,,,,,1.0,1.0,,1.0,,,1.0,1.0,,,1.0,,,,,,,,1.0,,,1.0,,,,,,,1.0,,,,,1.0,,,,,,1.0,,1.0,1.0,,,,,,,,,1.0,1.0,,,1.0,,1.0,,,,,,,1.0,1.0,,,,,,,,,,,,,,,,,,,,,,,,,1.0,,,,,1.0,,1.0,,,,,1.0,,,Dyrroth
,1.0,,,,,1.0,1.0,,,1.0,,,,,,,,,,,,,,,,,,1.0,1.0,,,,,,,,1.0,1.0,,,,,,1.0,,,,,,,,,,,,,,,,,,,,1.0,1.0,,,,,,,,,,,,1.0,,,,,,,,,,,1.0,,,,,,,,1.0,,,,,,1.0,,,,,1.0,,,,,,,,,1.0,,,,,,,,,1.0,,,Lylia
1.0,1.0,,1.0,,,1.0,,,,,,,,,,,,1.0,,,,,,,,,,,1.0,1.0,,,,,,,,,,,,,,1.0,,,1.0,,,,,,,,1.0,,,,,,,1.0,,1.0,1.0,,,,,,,,,1.0,,,,,1.0,,,,,,,1.0,,1.0,,,,,,,,1.0,,,,,,1.0,,,,,1.0,1.0,,,,,,,,1.0,,,,1.0,,,,,,,,Baxia
,,1.0,,1.0,1.0,1.0,1.0,,,,,,,,,,,1.0,1.0,1.0,,1.0,1.0,1.0,,1.0,1.0,,1.0,,1.0,,1.0,,1.0,,,,,,,,,1.0,1.0,,,,,,,,,1.0,,,,,,,,,,1.0,1.0,,1.0,,,,,,,,,,,,,1.0,,,,,,1.0,1.0,1.0,,,,1.0,,,,1.0,,,,,1.0,,,,,,,,,,,,1.0,,,,,1.0,,,,,,,1.0,,,Masha
,,,1.0,,,1.0,1.0,,,,,,,,,,,,,,1.0,,1.0,1.0,,,,,,,,,,,,1.0,,,1.0,,1.0,,,1.0,,,,,,,,,,,1.0,,,,,,,,,1.0,1.0,,,1.0,,,,,,,,,,,1.0,1.0,,,,,,,1.0,1.0,,,,,,,,,1.0,1.0,,,,1.0,,,,,,,,,,,,,,,,,,,,,,,,,1.0,Wanwan
,1.0,,,,,1.0,1.0,,,,1.0,1.0,,,1.0,,,,,,1.0,,1.0,,,,,,,,,,1.0,,,,1.0,,,,,,,1.0,,,1.0,,,,1.0,,,,1.0,,1.0,,,,,,,1.0,,,,,,,,,,,,,,,1.0,1.0,,,1.0,,,1.0,,1.0,1.0,,1.0,,,,,,,,,,,1.0,,,,,1.0,,,1.0,,,,,,,,,,,,,,,,,1.0,Silvanna
,1.0,,,,,1.0,,,,,,,,,,,,,,,,,,1.0,,,,,1.0,,,,,,,,,,,1.0,,,1.0,1.0,,,,,,,,1.0,,,,,,,,,,,,1.0,1.0,,,,,,,,,1.0,1.0,,1.0,,1.0,1.0,,,,,,,,1.0,,,1.0,,1.0,,,1.0,,,,,,1.0,,,,,1.0,,,,,,,,,,,,,,,,,,,,,Cecilion
,1.0,,,,,1.0,1.0,,1.0,,1.0,,,,,,,,,,,,,,,1.0,,,1.0,,,,,,,,,,,,,,,,,,1.0,,,,1.0,,,,1.0,,,,,,,,,1.0,1.0,,,,,,,,,1.0,,,,,1.0,1.0,1.0,,,,,1.0,,1.0,1.0,,1.0,,,,,1.0,,,,,,1.0,,,1.0,,1.0,,,,,,,,,,1.0,,,1.0,,,,,1.0,,,Carmilla
,1.0,,,,,1.0,1.0,,,,1.0,,,,,,,,,,,,1.0,,,,,,,,,,,,,,,,,,,,,1.0,,,1.0,,,,1.0,,,,1.0,,,,,1.0,,,,1.0,1.0,,,,,,,,,,,,,,1.0,1.0,,,,,,1.0,,1.0,1.0,,,,,,,,,,,,,1.0,,,,,1.0,1.0,,,,,,,,,,,,,,,,,,1.0,1.0,Atlas
,,,,,,1.0,,,,,,,,,,,,,,,,,,,,,,,,,,,,,,,,,,,,,,,,,,,,,,,,,,,,,,,,,,1.0,,,,,,,1.0,,,,,,,,,,,,,,,,1.0,1.0,,,,,,,,,,,,,,,,,,,,,,,,,,1.0,,1.0,,,,,,,,,,,,Popol and Kupa
,,1.0,,1.0,,1.0,1.0,,,,,,,,,,,,,1.0,1.0,,,,,,,,1.0,,,,1.0,,1.0,,,,,,1.0,,,1.0,,,,,,,,,,,,,,,1.0,,,,,1.0,1.0,,,,,,,,,,1.0,,,,1.0,1.0,,1.0,,,,,1.0,1.0,,,,,,,,,,,1.0,,,,,,,,,,,,,,,,1.0,1.0,,,,,,,,,,,,Yu Zhong
,1.0,,,,,1.0,,,,1.0,,1.0,,,,,,,,,,,,1.0,,,,,1.0,,,,1.0,,,,,1.0,,,,,,1.0,,,,,,,,,,,1.0,,,,,,,,,1.0,1.0,,,,,,,,,,,,,,1.0,1.0,,,,,,1.0,,,,,1.0,,,1.0,,,,,,,,1.0,,,,,1.0,,,,,,,,,,,,,,1.0,,,,,,,Luo Yi
,,1.0,,,,1.0,1.0,,,,,,1.0,,,,,,,,,,,,1.0,,,,,,,,1.0,,1.0,,,,,,,,,1.0,,,,,,,,,,,,,,,,,,,,1.0,1.0,,,,,,1.0,,,,,,,,,1.0,,,,,,,1.0,1.0,,,,,,,,,,,,,,1.0,,,,,,,,,,,,,,,,,,1.0,,1.0,,,,,,Benedetta
,,1.0,,,,1.0,1.0,,,,,,,,,,,,,,1.0,,,,,1.0,,,,,,,1.0,,1.0,,,,,,,1.0,,1.0,,,,1.0,,,,,,,,,,,,,,,,1.0,1.0,,,,,,1.0,,,,,1.0,,,1.0,1.0,,,,,,1.0,1.0,,,,,,1.0,,,1.0,,,,,,,,,1.0,,,1.0,,1.0,,,,,,,,,,1.0,,,,,,,,Khaleed
,,,,,,,,,,,,,,,,,,,,,,,,,,,,,,,,,,,,,,,,,,,,,,,,,,,,,,,,,,,,,,,,,,,,,,,,,,,,,,,,,,,,,,,,,,,,,,,,,,,,,,,,,,,,,,,,,,,,,,,,,,,,,,,,Barats
,,,,,,1.0,1.0,,,,,,,,,1.0,,,,,,,1.0,1.0,,,,,1.0,,,,1.0,,,,,,,,1.0,,,1.0,,,,,,,,,,,1.0,,,,,,,,,1.0,1.0,,,,,,,,,,1.0,,,,1.0,1.0,,,,,,1.0,1.0,1.0,,,,,,,,,,,,,,1.0,,,,,,,,,,,1.0,,,,,1.0,,1.0,,,,,,,,Brody
,1.0,,,,,1.0,,,,,,,,,,,,,,,,,,1.0,,,,,1.0,1.0,,,,,,,,,,,,,1.0,1.0,,,,,,,,,,,,,,,,,,,,1.0,1.0,,,,1.0,,,,,,,,,,1.0,1.0,,,,,,,,1.0,,,1.0,,,,,,,,,,,1.0,,,,,1.0,,,,,,,,,,1.0,,,,,,,,,,,Yve
,1.0,1.0,,,,1.0,1.0,,,,,,,,,,,,,,1.0,,,1.0,1.0,,,,,,,,1.0,,,,1.0,,,,,,,,,1.0,,,,,,,,,,,,,,,1.0,,,1.0,1.0,,,,,,,,,,,,,,,,,,,,,,,,,1.0,1.0,,,,,1.0,,,1.0,,,1.0,,,,,,,,,,,,,,,,,,1.0,,,,,,,,Mathilda
,,,,,1.0,1.0,1.0,,1.0,,,,,,,,,,,,,,,1.0,,,,,,,,,1.0,,,,,,,,1.0,,,1.0,,,,,,,,,,,,,,,,,,1.0,,1.0,1.0,,,,,,,,,,,,,,1.0,1.0,,,,1.0,,,1.0,1.0,,,1.0,,,,,,,,1.0,,,,,,,,,,1.0,,,,1.0,,,,,,,1.0,,1.0,,,,,,Paquito
,1.0,,,,,1.0,,,,,,,,,,,,,,,,,,,,1.0,,,1.0,,,,1.0,,,,,,,,,,1.0,1.0,,,,,,,,,,,,,,,,,,,,1.0,,,,,,,,,,1.0,,,,,1.0,,,1.0,,,,,,1.0,,,,,,,,,,,,,,1.0,,,,,1.0,1.0,,,,,1.0,,,1.0,,,,,,,,,1.0,,,Gloo
,,,,,,1.0,1.0,,,,,,,,,,,,,1.0,,,,1.0,,,,,1.0,1.0,,,1.0,,,1.0,,,,,1.0,,,1.0,,,,,,,,,,,,,,,,,,,,1.0,,,,,1.0,1.0,1.0,,,,,,,,,1.0,,1.0,,,,,1.0,1.0,,,,,,,,,,,,,,,1.0,,,,,,,,,,,,,,,,,1.0,,,,,,,,Beatrix
,1.0,,,,1.0,1.0,1.0,,1.0,,,1.0,,,,,,,,,,1.0,,1.0,,,,,,,,,1.0,,,,,,,,,,,1.0,,,,,,,,,,,,,,,,,,,1.0,1.0,1.0,,,,,,,,,,,,1.0,,1.0,,,,,,,,,1.0,,1.0,1.0,,,,,,,,,,,1.0,,1.0,,,,,,,,,,,,,,1.0,,,1.0,,,,,,,Phoveus
1.0,1.0,,,,,1.0,1.0,,1.0,,,,,,1.0,,,,,,,,,1.0,,,,,,,,,1.0,,,,,,,,,,,,,,,,,,,,,,,,,1.0,,,,,,1.0,1.0,,,,,,,,,,,,,,1.0,,,,,,,,,1.0,,,,1.0,,,,,,,,,,1.0,,,,,1.0,,,,,,1.0,,,,1.0,,,,,,,,,,1.0,Natan
,,,,,,1.0,,,,,,,,,,,1.0,,,1.0,,,1.0,1.0,,,,,1.0,,,,,,,,,,,,,,,,,,,,,,,,,,,,,,,,,,,1.0,1.0,,,,,,1.0,1.0,,,,1.0,,,,1.0,,,,,1.0,,1.0,1.0,,,,,,,,1.0,,,,,,1.0,,,,,,1.0,,,,,1.0,,,,,,,,,,,,,,1.0,Aulus
,1.0,,,,,1.0,,,1.0,,,,,,,,,,,,1.0,,,1.0,,,,,,1.0,,,1.0,,,,1.0,,,,,,,,,,,,,,,,,,,,,,,,,,,1.0,1.0,,,,,,,,1.0,,1.0,,,,,1.0,,,,,,,,1.0,,,,,,,,,,,,,,1.0,,,,,1.0,,,,,,,,,,,,1.0,1.0,,,,,1.0,,,Aamon
,1.0,,,,,1.0,1.0,,,,,,,,,,,,,1.0,1.0,,,,,1.0,,,1.0,1.0,,,,,,,,,,,,,,,,,,,,1.0,,,,,,,,,,,,,,1.0,1.0,,,,,,,,,,,1.0,1.0,1.0,1.0,1.0,,1.0,,,1.0,,,1.0,,,,,,,,,,,,,,1.0,,,,,,,,,,,,,,,,,,1.0,,1.0,,,1.0,,,Valentina
,1.0,,,,1.0,1.0,1.0,,,,1.0,,,,,,,,,,,,1.0,1.0,,,,,,,,1.0,,,1.0,1.0,1.0,,1.0,,,,,1.0,,,,,,,1.0,1.0,,,,,,,,1.0,,,,1.0,,,,,,,,,,,,,,,1.0,1.0,,1.0,,,,,1.0,1.0,,1.0,1.0,1.0,,,,,,,1.0,,,,,,,1.0,,1.0,,,1.0,,1.0,,,,,1.0,,,,,,,,,,Edith
,1.0,,,,,1.0,,,,,,,,,,,,,,,,,,,,1.0,,,,,,,,,,,,,,,,,,,,,,1.0,,,,,,,,,,,,,,,,1.0,,,,,,,,,,,,,,,1.0,,,,,,,1.0,,1.0,,,1.0,,,,,,,,,,,1.0,,,,,,,,,,,,,,,,,,1.0,,,,,1.0,,,Floryn
1.0,,,,1.0,,1.0,1.0,,1.0,,1.0,,,1.0,,,,,,,,,,1.0,,,,,,,,,1.0,,,,,,,1.0,1.0,,,,,,,,,,,,,,1.0,,1.0,,,,,,,1.0,1.0,,,,,,,,1.0,,,,,,1.0,1.0,,,,,,1.0,1.0,1.0,1.0,,,,,,,1.0,,,,1.0,,,1.0,,,,,1.0,,,,,,,,1.0,,,,,,,,,,,,Yin
1.0,1.0,,,1.0,,1.0,1.0,,,,1.0,,,1.0,,,,1.0,,,,,1.0,,,,,,,,,,1.0,,,1.0,,,,1.0,1.0,,,1.0,,,1.0,,,,,,,,,,,1.0,,,,,,1.0,1.0,,,,,,,,,,,,,,,1.0,,,,,,,1.0,1.0,1.0,,,,,,,,,,,1.0,,1.0,,,,,,,,,,,,,,1.0,,,,,,,,,,,1.0,Melissa
,1.0,,,,,1.0,,,,,,,,1.0,,,,,,,,,,1.0,,,,,1.0,,,,,,,,,,,1.0,,,1.0,1.0,,,,,,,,1.0,,,,,,,,,,1.0,,1.0,1.0,,,,,,,,,,,,,,,,,,,,,,,1.0,,,,,,,,,,,,1.0,,1.0,,,,,1.0,,,,,,,,,1.0,,,,,,,,,,,,Xavier
,1.0,,,,,1.0,1.0,,,,,,,1.0,,,,,,,1.0,,,,1.0,,,1.0,1.0,,,,1.0,,,,1.0,,,1.0,,,1.0,,,,,,,,,1.0,,,,,,,,,,,,1.0,1.0,,,,,,,,,,,,,,1.0,1.0,,,,,,,,1.0,,,,,1.0,,,,,,1.0,1.0,,1.0,,,,,1.0,,,,1.0,,,,,1.0,,,1.0,1.0,,,,,,,,Julian
,,,,,,1.0,1.0,,,,1.0,,,,,,,,,,1.0,,,1.0,,1.0,,,,,,,,,,,,,,,,,,1.0,,,,,,,,,,,,,,,,,,,,,,,,,,,,,,,,,,,1.0,,,,,,,,1.0,1.0,1.0,,,,,,,,,,,,,,,,,,,,,,,,,,,1.0,,,,1.0,,1.0,,,,,,Fredrinn
,1.0,,,,,1.0,1.0,,,,,,,,,,,,,,,,,,,,,,,,,,,,,,,,,,,,,1.0,,,,,,,,,,,,,,1.0,,,,,,,,,,,,,,,,,,,,,,,1.0,,,,,,,1.0,,,,,,,,1.0,,,,,,,,,,,,,,,,,,,,,,,,1.0,,,,,,,,Joy
,1.0,,,,,1.0,,,,,,,,,,,,,,,,,,1.0,,,,,1.0,,,,,1.0,,,,,,,,,,1.0,,,,,,,,,,,,,,,,,,,,1.0,1.0,,,,,,,,,,,,,,,,,,,,,,,1.0,,,,,,,,,,,,,,1.0,,,,,,,,,,,,,,,,,,,,,,,,,,Novaria
,,,,,,1.0,1.0,,,,,1.0,,,,,,,,,,,,,,,,,,,,,,,,,,,,,,,,1.0,,,,,,,,,,,,,,,,,,,,,,,,,,,,,,,,,,,1.0,,1.0,,,,,,1.0,1.0,,,,,,,,,,,,,,1.0,,,,,,,,,,,,,,,,,,1.0,,,,,1.0,,,Arlott
,,,,,,1.0,,,,,,,,,,,,,,,,,,1.0,,1.0,,,,,,,,,,,,,,,,,,1.0,,,,,,,,,,,,,,,,,,,1.0,,,,,,,,,,,,,,,,1.0,1.0,,,,,,,1.0,,,,,1.0,,,,,,,,,,1.0,,,,,,,,1.0,,,1.0,,,,,,,1.0,,,,1.0,1.0,,,Ixia
,,,,,,1.0,1.0,,,,,,,,,,,,1.0,,,,,,1.0,,,,,1.0,1.0,,,,,,,,,,,,,1.0,,,,,,,,,1.0,,,,,,,,,,,1.0,,,,,,,,,,,,,,,,,,,,,,,1.0,,,,,,1.0,,,,1.0,1.0,,,,,,1.0,1.0,,,,,,,,,,,,,,,1.0,,1.0,,,,,,Nolan
,,,,,,1.0,1.0,,,,,,,,,,,,,,,,,1.0,,,,,1.0,,,,,,,,,,,,,,,,,,,,,,,,,,,,,,,,,,,,,,,,,,,,,,,,,,1.0,,,,,,,,,1.0,,,,,,,,,,,,,,,,,,,,,,,,,,,,,,,,,,,,,,,,Cici
